/*Table Auteur*/
INSERT INTO Auteur (nom,prenom)
	VALUES
	('BOUCHELOUCHE','Mahrez'),
	('CHOLVY','Jordan'),
	('DIALLO','Thierno'),
	('DUONG','Tien-Khoi'),
	('MARTINS','Yohan');

/*Table Station*/
INSERT INTO Station (idStation,adresse,statu)
	VALUES
	(1,'1 rue alpha','vnul'),
	(2,'2 rue beta','vnul'),
	(3,'3 rue gamma','vnul'),
	(4,'4 rue delta','vnul'),
	(5,'5 rue epsilon','vnul');

/*Table Bornette*/
INSERT INTO Bornette (idBornette,idStations,status)
	VALUES
	(101,1,'ok'),
	(102,1,'ok'),
	(103,1,'ok'),
	(104,1,'ok'),
	(105,1,'ok'),
	(106,1,'ok'),
	(107,1,'ok'),
	(108,1,'ok'),
	(109,1,'ok'),
	(110,1,'ok'),
	(201,2,'ok'),
	(202,2,'ok'),
	(203,2,'ok'),
	(204,2,'ok'),
	(205,2,'ok'),
	(206,2,'ok'),
	(207,2,'ok'),
	(208,2,'ok'),
	(209,2,'ok'),
	(210,2,'ok'),
	(301,3,'ok'),
	(302,3,'ok'),
	(303,3,'ok'),
	(304,3,'ok'),
	(305,3,'ok'),
	(306,3,'ok'),
	(307,3,'ok'),
	(308,3,'ok'),
	(309,3,'ok'),
	(310,3,'ok'),
	(401,4,'ok'),
	(402,4,'ok'),
	(403,4,'ok'),
	(404,4,'ok'),
	(405,4,'ok'),
	(406,4,'ok'),
	(407,4,'ok'),
	(408,4,'ok'),
	(409,4,'ok'),
	(410,4,'ok'),
	(501,5,'ok'),
	(502,5,'ok'),
	(503,5,'ok'),
	(504,5,'ok'),
	(505,5,'ok'),
	(506,5,'ok'),
	(507,5,'ok'),
	(508,5,'ok'),
	(509,5,'ok'),
	(510,5,'ok');

/*Table Velo*/
INSERT INTO Velo (idVelo,idBornette,modelVelo,etatVelo,dateMenS)
	VALUES
	(1,101,'manuelle','ok','02-01-22'),
	(2,102,'manuelle','ok','03-01-22'),
	(3,103,'electrique','ok','04-01-22'),
	(4,'nul','electrique','hs','05-01-22'),
	(5,105,'manuelle','ok','01-01-22'),
	(6,106,'manuelle','ok','02-01-22'),
	(7,107,'manuelle','ok','03-01-22'),
	(8,'nul','electrique','hs','04-01-22'),
	(9,109,'electrique','ok','05-01-22'),
	(10,110,'manuelle','ok','01-01-22'),
	(6,201,'manuelle','ok','02-01-22'),
	(7,202,'manuelle','ok','03-01-22'),
	(8,'nul','electrique','hs','04-01-22'),
	(9,204,'electrique','ok','05-01-22'),
	(10,205,'manuelle','ok','01-01-22'),
	(11,206,'manuelle','ok','02-01-22'),
	(12,'nul','manuelle','hs','03-01-22'),
	(13,208,'electrique','ok','04-01-22'),
	(14,209,'electrique','ok','05-01-22'),
	(15,210,'manuelle','ok','01-01-22'),
	(11,301,'manuelle','ok','02-01-22'),
	(12,'nul','manuelle','hs','03-01-22'),
	(13,303,'electrique','ok','04-01-22'),
	(14,304,'electrique','ok','05-01-22'),
	(15,305,'manuelle','ok','01-01-22'),
	(16,'nul','manuelle','hs','02-01-22'),
	(17,307,'manuelle','ok','03-01-22'),
	(18,308,'electrique','ok','04-01-22'),
	(19,309,'electrique','ok','05-01-22'),
	(20,'nul','manuelle','hs','01-01-22'),
	(16,'nul','manuelle','hs','02-01-22'),
	(17,402,'manuelle','ok','03-01-22'),
	(18,403,'electrique','ok','04-01-22'),
	(19,404,'electrique','ok','05-01-22'),
	(20,'nul','manuelle','hs','01-01-22'),
	(21,406,'manuelle','ok','02-01-22'),
	(22,407,'manuelle','ok','03-01-22'),
	(23,408,'electrique','ok','04-01-22'),
	(24,'nul','electrique','hs','05-01-22'),
	(25,410,'manuelle','ok','01-01-22'),
	(21,501,'manuelle','ok','02-01-22'),
	(22,502,'manuelle','ok','03-01-22'),
	(23,503,'electrique','ok','04-01-22'),
	(24,'nul','electrique','hs','05-01-22'),
	(25,505,'manuelle','ok','01-01-22'),
	(26,506,'manuelle','ok','02-01-22'),
	(27,507,'manuelle','ok','03-01-22'),
	(28,'nul','electrique','hs','04-01-22'),
	(29,509,'electrique','ok','05-01-22'),
	(30,510,'manuelle','ok','01-01-22');

/*Table Location*/
INSERT INTO Location (idVelo,idBornette,modelVelo,etatVelo,dateMenS)
	VALUES
