/*Table Auteur*/
INSERT INTO Auteur (nom,prenom)
	VALUES
	('BOUCHELOUCHE','Mahrez'),
	('CHOLVY','Jordan'),
	('DIALLO','Thierno'),
	('DUONG','Tien-Khoi'),
	('MARTINS','Yohan');

/*Table Station*/
INSERT INTO Station (idStation,adresse,statu)
	VALUES
	(1,'1 rue alpha','vnul'),
	(2,'2 rue beta','vnul'),
	(3,'3 rue gamma','vnul'),
	(4,'4 rue delta','vnul'),
	(5,'5 rue epsilon','vnul');

/*Table Bornette*/
INSERT INTO Bornette (idBornette,idStations,status)
	VALUES
	(101,1,'ok'),
	(102,1,'ok'),
	(103,1,'ok'),
	(104,1,'ok'),
	(105,1,'ok'),
	(106,1,'ok'),
	(107,1,'ok'),
	(108,1,'ok'),
	(109,1,'ok'),
	(110,1,'ok'),
	(201,2,'ok'),
	(202,2,'ok'),
	(203,2,'ok'),
	(204,2,'ok'),
	(205,2,'ok'),
	(206,2,'ok'),
	(207,2,'ok'),
	(208,2,'ok'),
	(209,2,'ok'),
	(210,2,'ok'),
	(301,3,'ok'),
	(302,3,'ok'),
	(303,3,'ok'),
	(304,3,'ok'),
	(305,3,'ok'),
	(306,3,'ok'),
	(307,3,'ok'),
	(308,3,'ok'),
	(309,3,'ok'),
	(310,3,'ok'),
	(401,4,'ok'),
	(402,4,'ok'),
	(403,4,'ok'),
	(404,4,'ok'),
	(405,4,'ok'),
	(406,4,'ok'),
	(407,4,'ok'),
	(408,4,'ok'),
	(409,4,'ok'),
	(410,4,'ok'),
	(501,5,'ok'),
	(502,5,'ok'),
	(503,5,'ok'),
	(504,5,'ok'),
	(505,5,'ok'),
	(506,5,'ok'),
	(507,5,'ok'),
	(508,5,'ok'),
	(509,5,'ok'),
	(510,5,'ok');

/*Table Velo*/
INSERT INTO Velo (idVelo,idBorne,modelVelo,etatVelo,dateMenS)
	VALUES
	(1,101,'manuel','ok','22-01-02'),
	(2,102,'manuel','ok','22-01-03'),
	(3,103,'electrique','ok','22-01-04'),
	(4,null,'electrique','hs','22-01-05'),
	(5,105,'manuel','ok','22-01-01'),
	(6,106,'manuel','ok','22-01-02'),
	(7,107,'manuel','ok','22-01-03'),
	(8,null,'electrique','hs','22-01-04'),
	(9,109,'electrique','ok','22-01-05'),
	(10,110,'manuel','ok','22-01-01'),
	(6,201,'manuel','ok','22-01-02'),
	(7,202,'manuel','ok','22-01-03'),
	(8,null,'electrique','hs','22-01-04'),
	(9,204,'electrique','ok','22-01-05'),
	(10,205,'manuel','ok','22-01-01'),
	(11,206,'manuel','ok','22-01-02'),
	(12,null,'manuel','hs','22-01-03'),
	(13,208,'electrique','ok','22-01-04'),
	(14,209,'electrique','ok','22-01-05'),
	(15,210,'manuel','ok','22-01-01'),
	(11,301,'manuel','ok','22-01-02'),
	(12,null,'manuel','hs','22-01-03'),
	(13,303,'electrique','ok','22-01-04'),
	(14,304,'electrique','ok','22-01-05'),
	(15,305,'manuel','ok','22-01-01'),
	(16,null,'manuel','hs','22-01-02'),
	(17,307,'manuel','ok','22-01-03'),
	(18,308,'electrique','ok','22-01-04'),
	(19,309,'electrique','ok','22-01-05'),
	(20,null,'manuel','hs','22-01-01'),
	(16,null,'manuel','hs','22-01-02'),
	(17,402,'manuel','ok','22-01-03'),
	(18,403,'electrique','ok','22-01-04'),
	(19,404,'electrique','ok','22-01-05'),
	(20,null,'manuel','hs','22-01-01'),
	(21,406,'manuel','ok','22-01-02'),
	(22,407,'manuel','ok','22-01-03'),
	(23,408,'electrique','ok','22-01-04'),
	(24,null,'electrique','hs','22-01-05'),
	(25,410,'manuel','ok','22-01-01'),
	(21,501,'manuel','ok','22-01-02'),
	(22,502,'manuel','ok','22-01-03'),
	(23,503,'electrique','ok','22-01-04'),
	(24,null,'electrique','hs','22-01-05'),
	(25,505,'manuel','ok','22-01-01'),
	(26,506,'manuel','ok','22-01-02'),
	(27,507,'manuel','ok','22-01-03'),
	(28,null,'electrique','hs','22-01-04'),
	(29,509,'electrique','ok','22-01-05'),
	(30,510,'manuel','ok','22-01-01');

/*Table Location*/
INSERT INTO Location (idVelo,idBornette,modelVelo,etatVelo,dateMenS)
	VALUES
